bucket,signalName,category,horizon,sampleSize,winRate,avgReturn,medianReturn,profitFactor,readyStatus,contributingTickerCount,dominantTicker,dominantTickerSamplePct,missingPriceRows,selectionReason,notes
Candidate,flow1D > 0,Simple positive flow,1D,337,0.5637982195845698,0.00885769526556554,0.004347138192829059,1.6534359750619703,Usable,9,SOXL,0.17804154302670624,0,Strong multi-horizon buy/long candidate,[]
Candidate,flow1D > 0,Simple positive flow,3D,330,0.5909090909090909,0.025633861647443912,0.012513346627239463,2.199772363313302,Usable,9,SOXL,0.1787878787878788,7,Strong multi-horizon buy/long candidate,[]
Candidate,flow1D > 0,Simple positive flow,5D,322,0.593167701863354,0.04095130515430557,0.011896985743985122,2.813368744811636,Usable,9,SOXL,0.17701863354037267,15,Strong multi-horizon buy/long candidate,[]
Candidate,flow1D > 0,Simple positive flow,10D,302,0.6158940397350994,0.08795677083506044,0.027311678525513527,4.72217799953011,Usable,9,SOXL,0.17880794701986755,35,Strong multi-horizon buy/long candidate,[]
Candidate,flow1D > 0,Simple positive flow,20D,246,0.6585365853658537,0.20456407991259448,0.10275311169423662,8.80188612290926,Usable,9,SOXL,0.1910569105691057,91,Strong multi-horizon buy/long candidate,[]
Candidate,flow3D > 0,Simple positive flow,1D,331,0.5468277945619335,0.006996748716375758,0.0034225181609717215,1.4705101803522354,Usable,9,SOXL,0.23867069486404835,0,Baseline buy/long candidate,[]
Candidate,flow3D > 0,Simple positive flow,3D,325,0.5476923076923077,0.020218497958146266,0.009000139472908009,1.8759486341376437,Usable,9,SOXL,0.23692307692307693,6,Baseline buy/long candidate,[]
Candidate,flow3D > 0,Simple positive flow,5D,315,0.5777777777777777,0.03532039065667197,0.007186164963481678,2.378246445621349,Usable,9,SOXL,0.23809523809523808,16,Strong multi-horizon buy/long candidate,[]
Candidate,flow3D > 0,Simple positive flow,10D,291,0.6151202749140894,0.09098542317579691,0.022585239771331755,4.754727660585946,Usable,9,SOXL,0.24398625429553264,40,Strong multi-horizon buy/long candidate,[]
Candidate,flow3D > 0,Simple positive flow,20D,226,0.6548672566371682,0.22076393084856424,0.1056090199408396,8.239159832415291,Usable,9,SOXL,0.2743362831858407,105,Strong multi-horizon buy/long candidate,[]
Candidate,flow5D > 0,Simple positive flow,1D,307,0.5537459283387622,0.007194392227858415,0.0034225181609717215,1.475703588262495,Usable,9,SOXL,0.2671009771986971,0,Strong multi-horizon buy/long candidate,[]
Candidate,flow5D > 0,Simple positive flow,3D,299,0.5652173913043478,0.023266107567790673,0.009196049940435103,2.004289991982005,Usable,9,SOXL,0.26755852842809363,8,Strong multi-horizon buy/long candidate,[]
Candidate,flow5D > 0,Simple positive flow,5D,291,0.5601374570446735,0.03779099655094535,0.006939214816249928,2.415533979582244,Usable,9,SOXL,0.26804123711340205,16,Strong multi-horizon buy/long candidate,[]
Candidate,flow5D > 0,Simple positive flow,10D,265,0.6415094339622641,0.10619015298598605,0.035720815241764514,5.773028949045764,Usable,9,SOXL,0.27547169811320754,42,Strong multi-horizon buy/long candidate,[]
Candidate,flow5D > 0,Simple positive flow,20D,199,0.6884422110552764,0.24674125321047524,0.11000744690238395,8.780448025930573,Usable,9,SOXL,0.3165829145728643,108,Strong multi-horizon buy/long candidate,[]
Candidate,flow10D > 0,Simple positive flow,1D,301,0.5448504983388704,0.007945103742324915,0.00383963141857957,1.5283656327515247,Usable,9,SOXL,0.25249169435215946,0,Baseline buy/long candidate,[]
Candidate,flow10D > 0,Simple positive flow,3D,293,0.5870307167235495,0.029644861583086126,0.010389920731520563,2.4324188733998877,Usable,9,SOXL,0.2525597269624573,8,Strong multi-horizon buy/long candidate,[]
Candidate,flow10D > 0,Simple positive flow,5D,282,0.6382978723404256,0.057474071975573256,0.02210299122507886,4.080941018816812,Usable,9,SOXL,0.2553191489361702,19,Strong multi-horizon buy/long candidate,[]
Candidate,flow10D > 0,Simple positive flow,10D,252,0.7103174603174603,0.12966179587695215,0.07261252724444622,9.052883607146846,Usable,9,SOXL,0.26587301587301587,49,Strong multi-horizon buy/long candidate,[]
Candidate,flow10D > 0,Simple positive flow,20D,179,0.770949720670391,0.29790511497955274,0.12560224508980955,15.14374945758613,Usable,8,SOXL,0.31843575418994413,122,Strong multi-horizon buy/long candidate,[]
Candidate,flow20D > 0,Simple positive flow,1D,248,0.5645161290322581,0.009792805865729412,0.007024765060880678,1.591998579927342,Usable,9,SOXL,0.3024193548387097,0,Strong multi-horizon buy/long candidate,[]
Candidate,flow20D > 0,Simple positive flow,3D,234,0.5811965811965812,0.036580359105331174,0.01622230506190392,2.5270482162261665,Usable,9,SOXL,0.31196581196581197,14,Strong multi-horizon buy/long candidate,[]
Candidate,flow20D > 0,Simple positive flow,5D,220,0.6,0.06335395043290737,0.017085181126083482,3.4916904239847364,Usable,9,SOXL,0.32272727272727275,28,Strong multi-horizon buy/long candidate,[]
Candidate,flow20D > 0,Simple positive flow,10D,186,0.6451612903225806,0.12901594488870952,0.03538774568614156,6.560911600532306,Usable,9,SOXL,0.3548387096774194,62,Strong multi-horizon buy/long candidate,[]
Watch,flow20D > 0,Simple positive flow,20D,116,0.7672413793103449,0.39295392975407034,0.16749900200857137,17.521791868976116,Usable,8,SOXL,0.4827586206896552,132,Promising but below candidate guardrails,['dominant ticker concentration > 45%']
Candidate,flow1D percentile >= 70,Strong inflow percentile,1D,230,0.5521739130434783,0.009445337612626137,0.003810188111601387,1.7020182187218253,Usable,9,SOXL,0.13043478260869565,0,Strong multi-horizon buy/long candidate,[]
Candidate,flow1D percentile >= 70,Strong inflow percentile,3D,224,0.5803571428571429,0.02184756188152266,0.010322309107832162,2.0213744052234808,Usable,9,SOXL,0.12946428571428573,6,Strong multi-horizon buy/long candidate,[]
Candidate,flow1D percentile >= 70,Strong inflow percentile,5D,217,0.5990783410138248,0.03531100537506867,0.011506347286566188,2.5872041977076954,Usable,9,SOXL,0.12442396313364056,13,Strong multi-horizon buy/long candidate,[]
Candidate,flow1D percentile >= 70,Strong inflow percentile,10D,199,0.6231155778894473,0.07821066521716699,0.022307401108769165,4.91358585871549,Usable,9,GOOGL,0.12562814070351758,31,Strong multi-horizon buy/long candidate,[]
Candidate,flow1D percentile >= 70,Strong inflow percentile,20D,153,0.6274509803921569,0.16870281086404526,0.08680797276258678,7.257820582901859,Usable,9,GOOGL,0.13725490196078433,77,Strong multi-horizon buy/long candidate,[]
Candidate,flow1D percentile >= 80,Strong inflow percentile,1D,156,0.5833333333333334,0.014313012903458327,0.006967093196381113,2.2155662203990185,Usable,9,SOXL,0.1282051282051282,0,Strong multi-horizon buy/long candidate,[]
Candidate,flow1D percentile >= 80,Strong inflow percentile,3D,152,0.6118421052631579,0.0265045383958868,0.017192015092530433,2.2558666781846637,Usable,9,SOXL,0.13157894736842105,4,Strong multi-horizon buy/long candidate,[]
Candidate,flow1D percentile >= 80,Strong inflow percentile,5D,146,0.6506849315068494,0.04332330643701196,0.019745107353581703,3.145318578513843,Usable,9,SOXL,0.1232876712328767,10,Strong multi-horizon buy/long candidate,[]
Candidate,flow1D percentile >= 80,Strong inflow percentile,10D,133,0.6541353383458647,0.09631247998623765,0.04045654877815763,6.590257834042195,Usable,9,GOOGL,0.12781954887218044,23,Strong multi-horizon buy/long candidate,[]
Candidate,flow1D percentile >= 80,Strong inflow percentile,20D,100,0.67,0.2040675656497534,0.11004256098475651,12.31427206780797,Usable,9,SMH,0.15,56,Strong multi-horizon buy/long candidate,[]
Candidate,flow1D percentile >= 90,Strong inflow percentile,1D,82,0.6219512195121951,0.016703750746413056,0.011183259577691174,2.3868029775224966,Usable,9,SOXL,0.12195121951219512,0,Baseline buy/long candidate,[]
Watch,flow1D percentile >= 90,Strong inflow percentile,3D,79,0.620253164556962,0.02408499487875454,0.020152374330577816,2.0465694265078027,Watch,9,SOXL,0.12658227848101267,3,Sample size below usable threshold,['30 <= sampleSize < 80']
Watch,flow1D percentile >= 90,Strong inflow percentile,5D,74,0.6216216216216216,0.04032454333409565,0.016091753083436133,2.966105399874489,Watch,9,GOOGL,0.12162162162162163,8,Sample size below usable threshold,['30 <= sampleSize < 80']
Watch,flow1D percentile >= 90,Strong inflow percentile,10D,65,0.6461538461538462,0.10527726084344385,0.04421259531222188,7.206181537981483,Watch,9,GOOGL,0.13846153846153847,17,Sample size below usable threshold,['30 <= sampleSize < 80']
Watch,flow1D percentile >= 90,Strong inflow percentile,20D,38,0.7105263157894737,0.18564769555521954,0.10466528345947346,18.966798230304303,Watch,9,SMH,0.18421052631578946,44,Sample size below usable threshold,['30 <= sampleSize < 80']
Watch,flow1D percentile <= 10,Large outflow risk,1D,73,0.4657534246575342,0.008954018236372093,-0.001240757398686787,1.7322660537198216,Watch,9,SOXL,0.1232876712328767,0,Sample size below usable threshold,['30 <= sampleSize < 80']
Watch,flow1D percentile <= 10,Large outflow risk,3D,69,0.5362318840579711,0.02782581188346677,0.0035224606643555756,2.7378137182428595,Watch,9,SOXL,0.13043478260869565,4,Sample size below usable threshold,['30 <= sampleSize < 80']
Watch,flow1D percentile <= 10,Large outflow risk,5D,65,0.6,0.05325519300097744,0.030292742493414515,3.1551107465795827,Watch,9,SOXL,0.13846153846153847,8,Sample size below usable threshold,['30 <= sampleSize < 80']
Watch,flow1D percentile <= 10,Large outflow risk,10D,57,0.6491228070175439,0.08931460342045816,0.037165109465658874,8.141889064801314,Watch,9,LLY,0.12280701754385964,16,Sample size below usable threshold,['30 <= sampleSize < 80']
Watch,flow1D percentile <= 10,Large outflow risk,20D,47,0.6170212765957447,0.1300180446684115,0.07652601308474938,5.732633362783073,Watch,9,ORCL,0.14893617021276595,26,Sample size below usable threshold,['30 <= sampleSize < 80']
Candidate,flow5D percentile >= 70,Strong inflow percentile,1D,220,0.5363636363636364,0.0048779904543837785,0.0020709227267707853,1.3281537931733263,Usable,9,SOXL,0.12727272727272726,0,Baseline buy/long candidate,[]
Candidate,flow5D percentile >= 70,Strong inflow percentile,3D,214,0.5794392523364486,0.02009063506074033,0.009282374698648121,1.965856487707143,Usable,9,SOXL,0.12149532710280374,6,Strong multi-horizon buy/long candidate,[]
Candidate,flow5D percentile >= 70,Strong inflow percentile,5D,208,0.5528846153846154,0.037575331262956396,0.008601628224940594,2.628854075434708,Usable,9,SOXL,0.125,12,Strong multi-horizon buy/long candidate,[]
Candidate,flow5D percentile >= 70,Strong inflow percentile,10D,184,0.6521739130434783,0.10104159295323123,0.0390012860608312,7.075824815980946,Usable,9,GOOGL,0.125,36,Strong multi-horizon buy/long candidate,[]
Candidate,flow5D percentile >= 70,Strong inflow percentile,20D,122,0.7459016393442623,0.24532036358695639,0.1127923722415407,15.672065727207878,Usable,9,SMH,0.1885245901639344,98,Strong multi-horizon buy/long candidate,[]
Candidate,flow5D percentile >= 80,Strong inflow percentile,1D,147,0.54421768707483,0.007897583334926874,0.0019825517233904577,1.5951014039255,Usable,9,SOXL,0.1292517006802721,0,Baseline buy/long candidate,[]
Candidate,flow5D percentile >= 80,Strong inflow percentile,3D,143,0.5734265734265734,0.025965071845005357,0.009000139472908009,2.41702777364758,Usable,9,SOXL,0.1258741258741259,4,Strong multi-horizon buy/long candidate,[]
Candidate,flow5D percentile >= 80,Strong inflow percentile,5D,138,0.5797101449275363,0.04617880379668758,0.012562265120355742,3.177554484984306,Usable,9,SOXL,0.13043478260869565,9,Strong multi-horizon buy/long candidate,[]
Candidate,flow5D percentile >= 80,Strong inflow percentile,10D,123,0.7073170731707317,0.11735327693290173,0.07690161363686188,10.549799033177107,Usable,9,GOOGL,0.13008130081300814,24,Strong multi-horizon buy/long candidate,[]
Watch,flow5D percentile >= 80,Strong inflow percentile,20D,72,0.7777777777777778,0.21779726987200754,0.10986905937659552,18.879951598269777,Watch,9,SMH,0.2222222222222222,75,Sample size below usable threshold,['30 <= sampleSize < 80']
Watch,flow5D percentile >= 90,Strong inflow percentile,1D,74,0.5405405405405406,0.01011833532703688,0.002768701489464176,1.7978121537147358,Watch,9,SOXL,0.13513513513513514,0,Sample size below usable threshold,['30 <= sampleSize < 80']
Watch,flow5D percentile >= 90,Strong inflow percentile,3D,73,0.547945205479452,0.016964688334108798,0.005008171084311508,1.8358907367030852,Watch,9,SOXL,0.136986301369863,1,Sample size below usable threshold,['30 <= sampleSize < 80']
Watch,flow5D percentile >= 90,Strong inflow percentile,5D,71,0.5352112676056338,0.0269501569175751,0.0010112648823987769,2.1363461837213444,Watch,9,SOXL,0.14084507042253522,3,Sample size below usable threshold,['30 <= sampleSize < 80']
Watch,flow5D percentile >= 90,Strong inflow percentile,10D,62,0.6451612903225806,0.0885250018314223,0.027368000829478434,7.693130693655613,Watch,9,GOOGL,0.12903225806451613,12,Sample size below usable threshold,['30 <= sampleSize < 80']
Watch,flow5D percentile >= 90,Strong inflow percentile,20D,31,0.7741935483870968,0.19524014683547117,0.0968375273471489,22.798113123057792,Watch,8,SMH,0.25806451612903225,43,Sample size below usable threshold,['30 <= sampleSize < 80']
Watch,flow5D percentile <= 10,Large outflow risk,1D,65,0.49230769230769234,0.0021465107228338244,-0.001513752313302752,1.129363730124923,Watch,9,SOXL,0.13846153846153847,0,Sample size below usable threshold,['30 <= sampleSize < 80']
Watch,flow5D percentile <= 10,Large outflow risk,3D,62,0.5645161290322581,0.021196218004078136,0.00920244907036849,2.580158021371539,Watch,9,SOXL,0.14516129032258066,3,Sample size below usable threshold,['30 <= sampleSize < 80']
Watch,flow5D percentile <= 10,Large outflow risk,5D,61,0.4918032786885246,0.02365415140728722,-0.005301251709812327,2.0292563562379926,Watch,9,SOXL,0.14754098360655737,4,Sample size below usable threshold,['30 <= sampleSize < 80']
Watch,flow5D percentile <= 10,Large outflow risk,10D,57,0.5964912280701754,0.05188898566272122,0.017262734628063603,2.8187713965283914,Watch,9,SOXL,0.15789473684210525,8,Sample size below usable threshold,['30 <= sampleSize < 80']
Watch,flow5D percentile <= 10,Large outflow risk,20D,51,0.6078431372549019,0.1100243680294636,0.07597664508669633,3.523813294957629,Watch,9,SOXL,0.17647058823529413,14,Sample size below usable threshold,['30 <= sampleSize < 80']
Candidate,flow20D percentile >= 70,Strong inflow percentile,1D,177,0.5819209039548022,0.009547561556822839,0.006106452319395217,1.7052750346894636,Usable,9,SOXL,0.13559322033898305,0,Strong multi-horizon buy/long candidate,[]
Candidate,flow20D percentile >= 70,Strong inflow percentile,3D,164,0.5853658536585366,0.03823887498589495,0.016733080871525585,2.9002492693071114,Usable,9,SOXL,0.13414634146341464,13,Strong multi-horizon buy/long candidate,[]
Candidate,flow20D percentile >= 70,Strong inflow percentile,5D,151,0.5894039735099338,0.060309526141903394,0.01620937074146389,3.917115141903976,Usable,9,SOXL,0.13245033112582782,26,Strong multi-horizon buy/long candidate,[]
Candidate,flow20D percentile >= 70,Strong inflow percentile,10D,118,0.6440677966101694,0.11015772145272301,0.027368000829478434,8.917566662377423,Usable,9,SMH,0.16101694915254236,59,Strong multi-horizon buy/long candidate,[]
Watch,flow20D percentile >= 70,Strong inflow percentile,20D,62,0.8064516129032258,0.328523466908598,0.16530444520550058,53.14759624310484,Watch,9,SMH,0.3064516129032258,115,Sample size below usable threshold,['30 <= sampleSize < 80']
Candidate,flow20D percentile >= 80,Strong inflow percentile,1D,120,0.5333333333333333,0.0038895511382841317,0.002051219354907041,1.2388956134221374,Usable,9,SOXL,0.13333333333333333,0,Baseline buy/long candidate,[]
Candidate,flow20D percentile >= 80,Strong inflow percentile,3D,109,0.5321100917431193,0.022246112995656542,0.004926856938710644,1.9191905968052432,Usable,9,SOXL,0.12844036697247707,11,Baseline buy/long candidate,[]
Candidate,flow20D percentile >= 80,Strong inflow percentile,5D,99,0.5353535353535354,0.04058951444564518,0.004798341391965,2.585083722895679,Usable,9,GOOGL,0.13131313131313133,21,Baseline buy/long candidate,[]
Watch,flow20D percentile >= 80,Strong inflow percentile,10D,69,0.6376811594202898,0.07078979179213851,0.02326360171917341,5.435745873126947,Watch,9,SMH,0.18840579710144928,51,Sample size below usable threshold,['30 <= sampleSize < 80']
Not Ready,flow20D percentile >= 80,Strong inflow percentile,20D,29,0.7931034482758621,0.25200213199594346,0.14140292891237527,57.26979847444188,Not Ready,5,SMH,0.4482758620689655,91,Insufficient sample size,['sampleSize < 30']
Watch,flow20D percentile >= 90,Strong inflow percentile,1D,64,0.46875,-0.0013340525411431412,-0.0008026624251473713,0.9365223287448362,Watch,9,SOXL,0.125,0,Sample size below usable threshold,['30 <= sampleSize < 80']
Watch,flow20D percentile >= 90,Strong inflow percentile,3D,57,0.42105263157894735,-0.0028502567339251635,-0.006421883127498362,0.9191150813935635,Watch,9,GOOGL,0.12280701754385964,7,Sample size below usable threshold,['30 <= sampleSize < 80']
Watch,flow20D percentile >= 90,Strong inflow percentile,5D,49,0.4489795918367347,0.0038882301622479797,-0.0013578534172644652,1.1113494081200248,Watch,9,GOOGL,0.14285714285714285,15,Sample size below usable threshold,['30 <= sampleSize < 80']
Not Ready,flow20D percentile >= 90,Strong inflow percentile,10D,27,0.5185185185185185,0.0049633501754976946,0.010983794152294335,1.2071544186325123,Not Ready,7,GOOGL,0.25925925925925924,37,Insufficient sample size,['sampleSize < 30']
Not Ready,flow20D percentile >= 90,Strong inflow percentile,20D,12,0.6666666666666666,0.07737871302915775,0.0272708161092875,15.994856136330348,Not Ready,4,SMH,0.5833333333333334,52,Insufficient sample size,['sampleSize < 30']
Watch,flow20D percentile <= 10,Large outflow risk,1D,55,0.5272727272727272,0.011513691227415941,0.002219686727622072,2.0140603695726953,Watch,9,SOXL,0.12727272727272726,0,Sample size below usable threshold,['30 <= sampleSize < 80']
Watch,flow20D percentile <= 10,Large outflow risk,3D,53,0.6981132075471698,0.035173279441169644,0.029197052345843133,3.312229763258102,Watch,9,SOXL,0.1320754716981132,2,Sample size below usable threshold,['30 <= sampleSize < 80']
Watch,flow20D percentile <= 10,Large outflow risk,5D,52,0.7115384615384616,0.04617131126357199,0.028177746993464092,3.361823740877867,Watch,9,SOXL,0.1346153846153846,3,Sample size below usable threshold,['30 <= sampleSize < 80']
Watch,flow20D percentile <= 10,Large outflow risk,10D,49,0.6326530612244898,0.0614636534587068,0.058423638454544013,2.594249504641763,Watch,8,SOXL,0.14285714285714285,6,Sample size below usable threshold,['30 <= sampleSize < 80']
Watch,flow20D percentile <= 10,Large outflow risk,20D,49,0.6938775510204082,0.1440529526770163,0.15001900122895373,5.098798711422997,Watch,8,SOXL,0.14285714285714285,6,Sample size below usable threshold,['30 <= sampleSize < 80']
Candidate,at least 3 positive days in latest 5D,Persistent inflow,1D,302,0.5695364238410596,0.008983813357584344,0.005561055314629693,1.6283040515182503,Usable,9,SOXL,0.24503311258278146,0,Strong multi-horizon buy/long candidate,[]
Candidate,at least 3 positive days in latest 5D,Persistent inflow,3D,296,0.5540540540540541,0.024583684792401556,0.009045728052320845,2.072902214673216,Usable,9,SOXL,0.24324324324324326,6,Strong multi-horizon buy/long candidate,[]
Candidate,at least 3 positive days in latest 5D,Persistent inflow,5D,287,0.5679442508710801,0.04216845206199466,0.011506347286566188,2.6554292022822,Usable,9,SOXL,0.24390243902439024,15,Strong multi-horizon buy/long candidate,[]
Candidate,at least 3 positive days in latest 5D,Persistent inflow,10D,259,0.637065637065637,0.10581715635176467,0.03482666015624991,6.281103950890334,Usable,9,SOXL,0.25096525096525096,43,Strong multi-horizon buy/long candidate,[]
Candidate,at least 3 positive days in latest 5D,Persistent inflow,20D,200,0.69,0.25235960824805226,0.10887629797965892,9.531212610071037,Usable,9,SOXL,0.28,102,Strong multi-horizon buy/long candidate,[]
Watch,at least 4 positive days in latest 5D,Persistent inflow,1D,121,0.512396694214876,0.005456242226873476,0.0016683282063019167,1.341855382156776,Usable,9,SOXL,0.2809917355371901,0,Promising but below candidate guardrails,[]
Candidate,at least 4 positive days in latest 5D,Persistent inflow,3D,119,0.5210084033613446,0.02480388298214507,0.004926856938710644,1.952926517144359,Usable,9,SOXL,0.2857142857142857,2,Baseline buy/long candidate,[]
Candidate,at least 4 positive days in latest 5D,Persistent inflow,5D,116,0.5603448275862069,0.056319639444915824,0.007062689889865803,3.1066210286857125,Usable,9,SOXL,0.29310344827586204,5,Strong multi-horizon buy/long candidate,[]
Candidate,at least 4 positive days in latest 5D,Persistent inflow,10D,106,0.6415094339622641,0.12616511585709025,0.03475547791174527,7.273481685484856,Usable,9,SOXL,0.2830188679245283,15,Strong multi-horizon buy/long candidate,[]
Watch,at least 4 positive days in latest 5D,Persistent inflow,20D,75,0.76,0.3893148392586713,0.11484826587705022,16.764076629309233,Watch,8,SOXL,0.37333333333333335,46,Sample size below usable threshold,['30 <= sampleSize < 80']
Candidate,at least 7 positive days in latest 10D,Persistent inflow,1D,127,0.5433070866141733,0.012561750116177125,0.007505620335539476,1.7164677948104594,Usable,8,SOXL,0.3858267716535433,0,Baseline buy/long candidate,[]
Candidate,at least 7 positive days in latest 10D,Persistent inflow,3D,125,0.608,0.046038344229155426,0.020152374330577816,3.0537992300626544,Usable,8,SOXL,0.376,2,Strong multi-horizon buy/long candidate,[]
Candidate,at least 7 positive days in latest 10D,Persistent inflow,5D,119,0.6218487394957983,0.08382044591658959,0.03427755420954637,5.226214466326181,Usable,8,SOXL,0.37815126050420167,8,Strong multi-horizon buy/long candidate,[]
Candidate,at least 7 positive days in latest 10D,Persistent inflow,10D,102,0.7254901960784313,0.1921237276584376,0.1034255763170131,16.95959342834081,Usable,8,SOXL,0.4019607843137255,25,Strong multi-horizon buy/long candidate,[]
Watch,at least 7 positive days in latest 10D,Persistent inflow,20D,72,0.8472222222222222,0.5056302395751008,0.31427040011425367,76.39897661380982,Watch,7,SOXL,0.4861111111111111,55,Sample size below usable threshold,['30 <= sampleSize < 80']
Candidate,flow1D > 0 and flow3D > 0 and flow5D > 0,Persistent inflow,1D,188,0.5585106382978723,0.009560316602766624,0.0037633535939981533,1.6566265369063227,Usable,9,SOXL,0.28191489361702127,0,Strong multi-horizon buy/long candidate,[]
Candidate,flow1D > 0 and flow3D > 0 and flow5D > 0,Persistent inflow,3D,186,0.5591397849462365,0.0258452527040906,0.00972578163187332,2.0691347716946864,Usable,9,SOXL,0.27956989247311825,2,Strong multi-horizon buy/long candidate,[]
Candidate,flow1D > 0 and flow3D > 0 and flow5D > 0,Persistent inflow,5D,181,0.574585635359116,0.04372882683435085,0.008280720797259722,2.735832142733407,Usable,9,SOXL,0.27624309392265195,7,Strong multi-horizon buy/long candidate,[]
Candidate,flow1D > 0 and flow3D > 0 and flow5D > 0,Persistent inflow,10D,166,0.608433734939759,0.1090122349928504,0.027311678525513527,5.870831226440153,Usable,9,SOXL,0.28313253012048195,22,Strong multi-horizon buy/long candidate,[]
Candidate,flow1D > 0 and flow3D > 0 and flow5D > 0,Persistent inflow,20D,122,0.6967213114754098,0.27046794809167574,0.11082450784316689,9.679586254358306,Usable,9,SOXL,0.32786885245901637,66,Strong multi-horizon buy/long candidate,[]
Candidate,flow3D > 0 and flow5D > 0 and flow10D > 0,Persistent inflow,1D,208,0.5625,0.008805535967809388,0.004307370834055635,1.5455057181905711,Usable,9,SOXL,0.3269230769230769,0,Strong multi-horizon buy/long candidate,[]
Candidate,flow3D > 0 and flow5D > 0 and flow10D > 0,Persistent inflow,3D,206,0.587378640776699,0.031250337732616304,0.011323906129230399,2.4366425707223685,Usable,9,SOXL,0.32038834951456313,2,Strong multi-horizon buy/long candidate,[]
Candidate,flow3D > 0 and flow5D > 0 and flow10D > 0,Persistent inflow,5D,199,0.6030150753768844,0.05441478159732172,0.016150188893779394,3.51054373843662,Usable,9,SOXL,0.32160804020100503,9,Strong multi-horizon buy/long candidate,[]
Candidate,flow3D > 0 and flow5D > 0 and flow10D > 0,Persistent inflow,10D,180,0.7111111111111111,0.1404642226291704,0.06840033668163448,9.366339321387034,Usable,9,SOXL,0.3333333333333333,28,Strong multi-horizon buy/long candidate,[]
Candidate,flow3D > 0 and flow5D > 0 and flow10D > 0,Persistent inflow,20D,125,0.776,0.3497468659610444,0.16247604851158215,16.784962864334812,Usable,8,SOXL,0.408,83,Strong multi-horizon buy/long candidate,[]
Candidate,flow1D > 0 after prior 3D flow < 0,Reversal,1D,156,0.5705128205128205,0.009228031695259046,0.005791582844647314,1.727699173383929,Usable,9,RKLB,0.14102564102564102,0,Strong multi-horizon buy/long candidate,[]
Candidate,flow1D > 0 after prior 3D flow < 0,Reversal,3D,151,0.6357615894039735,0.027026117396980635,0.019514974258633577,2.3719429827408693,Usable,9,RKLB,0.1390728476821192,5,Strong multi-horizon buy/long candidate,[]
Candidate,flow1D > 0 after prior 3D flow < 0,Reversal,5D,147,0.673469387755102,0.04625601290849306,0.0235793160038944,3.4658423940143335,Usable,9,RKLB,0.1360544217687075,9,Strong multi-horizon buy/long candidate,[]
Candidate,flow1D > 0 after prior 3D flow < 0,Reversal,10D,140,0.6428571428571429,0.08001035939192588,0.03924228647661809,4.628839838423435,Usable,9,RKLB,0.1357142857142857,16,Strong multi-horizon buy/long candidate,[]
Candidate,flow1D > 0 after prior 3D flow < 0,Reversal,20D,124,0.6209677419354839,0.16416211015124804,0.10496570129368421,8.310886239122372,Usable,9,GOOGL,0.12903225806451613,32,Strong multi-horizon buy/long candidate,[]
Candidate,flow3D > 0 after prior 5D flow < 0,Reversal,1D,98,0.5714285714285714,0.008388352156237126,0.00490625738780992,1.7323759701408583,Usable,9,ORCL,0.14285714285714285,0,Strong multi-horizon buy/long candidate,[]
Candidate,flow3D > 0 after prior 5D flow < 0,Reversal,3D,96,0.59375,0.02209081691293858,0.021945955864446698,2.288470789650853,Usable,9,ORCL,0.14583333333333334,2,Strong multi-horizon buy/long candidate,[]
Candidate,flow3D > 0 after prior 5D flow < 0,Reversal,5D,93,0.6559139784946236,0.033095819588385575,0.01461652906705524,2.729752752946557,Usable,9,ORCL,0.15053763440860216,5,Strong multi-horizon buy/long candidate,[]
Candidate,flow3D > 0 after prior 5D flow < 0,Reversal,10D,87,0.5517241379310345,0.044558015943833844,0.01068397878809102,2.7607297818574708,Usable,9,ORCL,0.16091954022988506,11,Strong multi-horizon buy/long candidate,[]
Watch,flow3D > 0 after prior 5D flow < 0,Reversal,20D,76,0.6052631578947368,0.11574151021260977,0.09515615396131216,4.898895550613605,Watch,9,ORCL,0.18421052631578946,22,Sample size below usable threshold,['30 <= sampleSize < 80']
Watch,flow1D < 0 after prior 3D flow > 0,Reversal,1D,155,0.5290322580645161,0.003696893287387078,0.0015714372907364993,1.2497456394262383,Usable,9,SOXL,0.2,0,Outflow pattern did not behave as a clean reduce signal; review as confirmation only,[]
Watch,flow1D < 0 after prior 3D flow > 0,Reversal,3D,150,0.52,0.01295886838017046,0.003779500557376969,1.6082972396863628,Usable,9,SOXL,0.2,5,Outflow pattern did not behave as a clean reduce signal; review as confirmation only,[]
Watch,flow1D < 0 after prior 3D flow > 0,Reversal,5D,144,0.5625,0.027402120969706772,0.0083058585234278,2.065058259159348,Usable,9,SOXL,0.20833333333333334,11,Outflow pattern did not behave as a clean reduce signal; review as confirmation only,[]
Watch,flow1D < 0 after prior 3D flow > 0,Reversal,10D,131,0.6717557251908397,0.08730400714222111,0.02757143293108255,4.953603188225518,Usable,9,SOXL,0.21374045801526717,24,Outflow pattern did not behave as a clean reduce signal; review as confirmation only,[]
Watch,flow1D < 0 after prior 3D flow > 0,Reversal,20D,106,0.6509433962264151,0.18386580414286421,0.10449334756317774,7.035099173812091,Usable,9,SOXL,0.2358490566037736,49,Outflow pattern did not behave as a clean reduce signal; review as confirmation only,[]
Watch,flow1D < 0 and flow3D < 0 and flow5D < 0,Large outflow risk,1D,258,0.4806201550387597,0.003083207455538209,-0.0005879553359531831,1.2795113413429005,Usable,9,NVDA,0.16666666666666666,0,Outflow pattern did not behave as a clean reduce signal; review as confirmation only,[]
Watch,flow1D < 0 and flow3D < 0 and flow5D < 0,Large outflow risk,3D,251,0.5099601593625498,0.013821909613672561,0.0025385864284943604,1.892144545263475,Usable,9,NVDA,0.17131474103585656,7,Outflow pattern did not behave as a clean reduce signal; review as confirmation only,[]
Watch,flow1D < 0 and flow3D < 0 and flow5D < 0,Large outflow risk,5D,245,0.5510204081632653,0.028664062936558547,0.008541234833052913,2.737537730537089,Usable,9,NVDA,0.17551020408163265,13,Outflow pattern did not behave as a clean reduce signal; review as confirmation only,[]
Watch,flow1D < 0 and flow3D < 0 and flow5D < 0,Large outflow risk,10D,231,0.5541125541125541,0.04973386084199449,0.013389059239249823,3.2594811434657247,Usable,9,NVDA,0.17316017316017315,27,Outflow pattern did not behave as a clean reduce signal; review as confirmation only,[]
Watch,flow1D < 0 and flow3D < 0 and flow5D < 0,Large outflow risk,20D,222,0.6576576576576577,0.1146193088885321,0.0850765088904405,5.933680154468524,Usable,9,NVDA,0.18018018018018017,36,Outflow pattern did not behave as a clean reduce signal; review as confirmation only,[]
